datetime,temp,humidity,rain,snow,snow_depth,cloud_cover,wind_speed,wind_gusts,location_id
2026-10-03 05:00:00,56.78,83.0,0.0,0.0,0.0,0.0,5.336,9.4,0
2026-10-03 06:00:00,56.88,83.0,0.0,0.0,0.0,0.0,5.816,9.62,0
2026-10-03 07:00:00,56.06,81.0,0.0,0.0,0.0,70.0,6.523,10.29,0
2026-10-03 08:00:00,56.78,90.0,0.0,0.0,0.0,37.0,8.234,12.305,0
2026-10-03 09:00:00,60.47,82.0,0.0,0.0,0.0,6.0,6.99,11.86,0
2026-10-03 10:00:00,64.06,77.0,0.0,0.0,0.0,1.0,7.617,15.21,0
2026-10-03 11:00:00,69.0,62.0,0.0,0.0,0.0,0.0,5.715,18.56,0
2026-10-03 12:00:00,72.8,53.0,0.0,0.0,0.0,0.0,6.332,16.55,0
2026-10-03 13:00:00,75.7,50.0,0.0,0.0,0.0,0.0,6.504,14.09,0
2026-10-03 14:00:00,78.44,44.0,0.0,0.0,0.0,0.0,6.33,12.08,0
2026-10-03 15:00:00,80.2,40.0,0.0,0.0,0.0,0.0,6.188,11.19,0
2026-10-03 16:00:00,81.0,38.0,0.0,0.0,0.0,0.0,6.043,10.516,0
2026-10-03 17:00:00,79.75,40.0,0.0,0.0,0.0,0.0,7.023,11.86,0
2026-10-03 18:00:00,74.7,49.0,0.0,0.0,0.0,0.0,8.25,14.32,0
2026-10-03 19:00:00,71.06,50.0,0.0,0.0,0.0,0.0,11.82,17.22,0
2026-10-03 20:00:00,70.2,49.0,0.0,0.0,0.0,0.0,12.664,18.8,0
2026-10-03 21:00:00,69.75,48.0,0.0,0.0,0.0,0.0,11.37,16.11,0
2026-10-03 22:00:00,68.56,49.0,0.0,0.0,0.0,0.0,9.336,13.42,0
2026-10-03 23:00:00,68.2,47.0,0.0,0.0,0.0,0.0,10.31,14.09,0
2026-10-04 00:00:00,67.3,46.0,0.0,0.0,0.0,0.0,8.88,12.305,0
2026-10-04 01:00:00,65.9,48.0,0.0,0.0,0.0,0.0,7.45,10.29,0
2026-10-04 02:00:00,64.6,51.0,0.0,0.0,0.0,0.0,6.645,10.07,0
2026-10-04 03:00:00,63.78,50.0,0.0,0.0,0.0,100.0,6.17,8.945,0
2026-10-04 04:00:00,63.25,50.0,0.0,0.0,0.0,100.0,6.33,9.4,0
2026-10-04 05:00:00,63.0,51.0,0.0,0.0,0.0,96.0,6.805,9.62,0
2026-10-04 06:00:00,62.62,50.0,0.0,0.0,0.0,100.0,6.336,9.62,0
2026-10-04 07:00:00,62.25,50.0,0.0,0.0,0.0,100.0,6.805,9.62,0
2026-10-04 08:00:00,63.06,51.0,0.0,0.0,0.0,100.0,6.01,8.945,0
2026-10-04 09:00:00,67.94,49.0,0.0,0.0,0.0,31.0,4.113,6.26,0
2026-10-03 05:00:00,52.03,86.0,0.0,0.0,0.0,9.0,3.64,7.383,1
2026-10-03 06:00:00,50.88,85.0,0.0,0.0,0.0,1.0,4.72,4.7,1
2026-10-03 07:00:00,50.06,84.0,0.0,0.0,0.0,9.0,2.111,2.014,1
2026-10-03 08:00:00,51.3,86.0,0.0,0.0,0.0,9.0,1.118,3.58,1
2026-10-03 09:00:00,58.16,78.0,0.0,0.0,0.0,16.0,2.73,9.62,1
2026-10-03 10:00:00,65.25,63.0,0.0,0.0,0.0,10.0,4.273,5.816,1
2026-10-03 11:00:00,70.3,58.0,0.0,0.0,0.0,2.0,3.18,7.383,1
2026-10-03 12:00:00,74.4,48.0,0.0,0.0,0.0,1.0,3.227,10.96,1
2026-10-03 13:00:00,78.5,41.0,0.0,0.0,0.0,0.0,2.916,7.16,1
2026-10-03 14:00:00,81.7,35.0,0.0,0.0,0.0,0.0,2.83,5.594,1
2026-10-03 15:00:00,83.75,31.0,0.0,0.0,0.0,0.0,3.422,4.7,1
2026-10-03 16:00:00,84.6,29.0,0.0,0.0,0.0,0.0,3.906,4.473,1
2026-10-03 17:00:00,84.4,28.0,0.0,0.0,0.0,0.0,4.53,5.367,1
2026-10-03 18:00:00,81.4,30.0,0.0,0.0,0.0,0.0,4.113,6.49,1
2026-10-03 19:00:00,73.94,39.0,0.0,0.0,0.0,0.0,6.023,7.83,1
2026-10-03 20:00:00,68.44,51.0,0.0,0.0,0.0,0.0,6.17,11.41,1
2026-10-03 21:00:00,66.25,57.0,0.0,0.0,0.0,0.0,6.523,14.32,1
2026-10-03 22:00:00,64.3,60.0,0.0,0.0,0.0,0.0,6.504,14.32,1
2026-10-03 23:00:00,62.5,62.0,0.0,0.0,0.0,0.0,5.266,12.52,1
2026-10-04 00:00:00,60.7,64.0,0.0,0.0,0.0,0.0,5.41,12.52,1
2026-10-04 01:00:00,59.53,64.0,0.0,0.0,0.0,0.0,4.523,11.19,1
2026-10-04 02:00:00,58.0,68.0,0.0,0.0,0.0,0.0,2.73,9.17,1
2026-10-04 03:00:00,56.72,70.0,0.0,0.0,0.0,100.0,2.336,6.49,1
2026-10-04 04:00:00,56.47,69.0,0.0,0.0,0.0,100.0,1.305,6.934,1
2026-10-04 05:00:00,55.66,69.0,0.0,0.0,0.0,85.0,1.118,6.04,1
2026-10-04 06:00:00,54.94,67.0,0.0,0.0,0.0,100.0,1.141,6.71,1
2026-10-04 07:00:00,53.5,70.0,0.0,0.0,0.0,100.0,1.804,4.92,1
2026-10-04 08:00:00,54.12,72.0,0.0,0.0,0.0,99.0,0.8066,5.367,1
2026-10-04 09:00:00,60.78,66.0,0.0,0.0,0.0,14.0,0.7075,3.803,1
2026-10-03 05:00:00,52.84,88.0,0.0,0.0,0.0,0.0,2.73,6.49,2
2026-10-03 06:00:00,52.2,87.0,0.0,0.0,0.0,2.0,2.531,4.7,2
2026-10-03 07:00:00,51.56,86.0,0.0,0.0,0.0,54.0,1.501,4.027,2
2026-10-03 08:00:00,54.38,92.0,0.0,0.0,0.0,100.0,2.236,4.7,2
2026-10-03 09:00:00,59.22,81.0,0.0,0.0,0.0,35.0,5.816,10.734,2
2026-10-03 10:00:00,64.56,72.0,0.0,0.0,0.0,10.0,6.04,8.5,2
2026-10-03 11:00:00,69.75,60.0,0.0,0.0,0.0,3.0,5.24,12.52,2
2026-10-03 12:00:00,74.9,49.0,0.0,0.0,0.0,0.0,4.41,8.27,2
2026-10-03 13:00:00,79.1,42.0,0.0,0.0,0.0,0.0,3.355,7.83,2
2026-10-03 14:00:00,82.2,38.0,0.0,0.0,0.0,0.0,4.113,6.04,2
2026-10-03 15:00:00,84.0,34.0,0.0,0.0,0.0,0.0,4.79,6.26,2
2026-10-03 16:00:00,84.7,31.0,0.0,0.0,0.0,0.0,5.1,6.49,2
2026-10-03 17:00:00,84.1,31.0,0.0,0.0,0.0,0.0,5.695,7.83,2
2026-10-03 18:00:00,80.4,36.0,0.0,0.0,0.0,0.0,5.027,9.84,2
2026-10-03 19:00:00,73.2,47.0,0.0,0.0,0.0,0.0,4.97,10.516,2
2026-10-03 20:00:00,68.94,52.0,0.0,0.0,0.0,0.0,3.355,13.195,2
2026-10-03 21:00:00,66.7,54.0,0.0,0.0,0.0,0.0,5.645,10.96,2
2026-10-03 22:00:00,64.9,60.0,0.0,0.0,0.0,0.0,5.695,10.07,2
2026-10-03 23:00:00,63.53,62.0,0.0,0.0,0.0,0.0,5.855,10.07,2
2026-10-04 00:00:00,62.0,65.0,0.0,0.0,0.0,0.0,5.54,9.84,2
2026-10-04 01:00:00,60.47,65.0,0.0,0.0,0.0,0.0,4.906,9.17,2
2026-10-04 02:00:00,59.03,68.0,0.0,0.0,0.0,0.0,3.355,7.605,2
2026-10-04 03:00:00,58.16,69.0,0.0,0.0,0.0,67.0,2.062,6.49,2
2026-10-04 04:00:00,57.16,69.0,0.0,0.0,0.0,100.0,1.582,5.816,2
2026-10-04 05:00:00,56.62,68.0,0.0,0.0,0.0,5.0,2.062,5.816,2
2026-10-04 06:00:00,55.62,70.0,0.0,0.0,0.0,100.0,1.911,5.816,2
2026-10-04 07:00:00,55.2,69.0,0.0,0.0,0.0,67.0,2.111,5.816,2
2026-10-04 08:00:00,55.25,69.0,0.0,0.0,0.0,2.0,1.36,5.594,2
2026-10-04 09:00:00,61.47,64.0,0.0,0.0,0.0,92.0,0.5,5.594,2
2026-10-03 05:00:00,51.8,89.0,0.0,0.0,0.0,3.0,3.164,6.04,3
2026-10-03 06:00:00,50.94,90.0,0.0,0.0,0.0,29.0,2.236,5.367,3
2026-10-03 07:00:00,50.12,93.0,0.0,0.0,0.0,85.0,1.704,5.145,3
2026-10-03 08:00:00,53.62,96.0,0.0,0.0,0.0,76.0,3.422,6.934,3
2026-10-03 09:00:00,56.97,87.0,0.0,0.0,0.0,26.0,4.05,6.71,3
2026-10-03 10:00:00,63.97,71.0,0.0,0.0,0.0,0.0,5.703,10.96,3
2026-10-03 11:00:00,73.25,49.0,0.0,0.0,0.0,0.0,8.61,21.92,3
2026-10-03 12:00:00,78.6,38.0,0.0,0.0,0.0,0.0,12.945,20.8,3
2026-10-03 13:00:00,81.2,35.0,0.0,0.0,0.0,0.0,12.21,18.34,3
2026-10-03 14:00:00,82.94,32.0,0.0,0.0,0.0,0.0,11.33,16.55,3
2026-10-03 15:00:00,83.94,30.0,0.0,0.0,0.0,0.0,11.07,16.55,3
2026-10-03 16:00:00,83.94,29.0,0.0,0.0,0.0,0.0,10.484,16.33,3
2026-10-03 17:00:00,82.9,30.0,0.0,0.0,0.0,0.0,8.95,16.78,3
2026-10-03 18:00:00,79.25,33.0,0.0,0.0,0.0,0.0,4.906,13.65,3
2026-10-03 19:00:00,72.9,52.0,0.0,0.0,0.0,0.0,6.89,11.41,3
2026-10-03 20:00:00,69.3,58.0,0.0,0.0,0.0,0.0,6.24,10.96,3
2026-10-03 21:00:00,66.94,60.0,0.0,0.0,0.0,0.0,6.156,9.4,3
2026-10-03 22:00:00,65.06,62.0,0.0,0.0,0.0,0.0,5.594,8.27,3
2026-10-03 23:00:00,62.97,63.0,0.0,0.0,0.0,0.0,5.004,6.71,3
2026-10-04 00:00:00,61.1,64.0,0.0,0.0,0.0,0.0,4.72,6.49,3
2026-10-04 01:00:00,59.56,65.0,0.0,0.0,0.0,0.0,4.246,5.367,3
2026-10-04 02:00:00,59.03,69.0,0.0,0.0,0.0,0.0,4.906,6.26,3
2026-10-04 03:00:00,58.03,69.0,0.0,0.0,0.0,99.0,3.107,5.367,3
2026-10-04 04:00:00,56.97,71.0,0.0,0.0,0.0,100.0,1.79,4.92,3
2026-10-04 05:00:00,55.97,73.0,0.0,0.0,0.0,74.0,1.629,5.816,3
2026-10-04 06:00:00,55.25,72.0,0.0,0.0,0.0,95.0,0.7075,6.71,3
2026-10-04 07:00:00,54.88,71.0,0.0,0.0,0.0,100.0,1.205,5.594,3
2026-10-04 08:00:00,55.34,74.0,0.0,0.0,0.0,8.0,0.633,5.594,3
2026-10-04 09:00:00,61.72,68.0,0.0,0.0,0.0,14.0,2.46,5.145,3
2026-10-03 05:00:00,51.84,82.0,0.0,0.0,0.0,0.0,1.925,4.473,4
2026-10-03 06:00:00,50.75,84.0,0.0,0.0,0.0,79.0,1.804,2.236,4
2026-10-03 07:00:00,50.7,87.0,0.0,0.0,0.0,100.0,0.5,2.46,4
2026-10-03 08:00:00,52.22,94.0,0.0,0.0,0.0,63.0,2.248,5.816,4
2026-10-03 09:00:00,55.9,96.0,0.0,0.0,0.0,59.0,2.062,7.83,4
2026-10-03 10:00:00,61.94,77.0,0.0,0.0,0.0,9.0,3.473,12.08,4
2026-10-03 11:00:00,67.94,64.0,0.0,0.0,0.0,0.0,2.803,7.605,4
2026-10-03 12:00:00,73.0,54.0,0.0,0.0,0.0,0.0,3.809,7.605,4
2026-10-03 13:00:00,77.3,47.0,0.0,0.0,0.0,0.0,4.703,6.49,4
2026-10-03 14:00:00,81.56,38.0,0.0,0.0,0.0,0.0,3.115,4.473,4
2026-10-03 15:00:00,83.8,31.0,0.0,0.0,0.0,0.0,3.75,4.7,4
2026-10-03 16:00:00,84.1,29.0,0.0,0.0,0.0,0.0,5.406,6.934,4
2026-10-03 17:00:00,82.7,30.0,0.0,0.0,0.0,0.0,6.58,10.734,4
2026-10-03 18:00:00,77.9,33.0,0.0,0.0,0.0,0.0,5.11,15.21,4
2026-10-03 19:00:00,71.4,41.0,0.0,0.0,0.0,0.0,5.316,10.516,4
2026-10-03 20:00:00,67.5,57.0,0.0,0.0,0.0,0.0,4.74,10.516,4
2026-10-03 21:00:00,65.25,57.0,0.0,0.0,0.0,0.0,2.42,5.594,4
2026-10-03 22:00:00,63.72,56.0,0.0,0.0,0.0,0.0,1.911,3.58,4
2026-10-03 23:00:00,62.2,55.0,0.0,0.0,0.0,0.0,3.13,3.13,4
2026-10-04 00:00:00,61.03,55.0,0.0,0.0,0.0,0.0,3.258,4.25,4
2026-10-04 01:00:00,59.84,56.0,0.0,0.0,0.0,0.0,2.916,3.803,4
2026-10-04 02:00:00,58.5,60.0,0.0,0.0,0.0,0.0,1.804,2.684,4
2026-10-04 03:00:00,57.7,59.0,0.0,0.0,0.0,71.0,1.898,2.014,4
2026-10-04 04:00:00,56.97,60.0,0.0,0.0,0.0,100.0,1.305,2.908,4
2026-10-04 05:00:00,56.44,61.0,0.0,0.0,0.0,27.0,0.949,3.355,4
2026-10-04 06:00:00,56.16,61.0,0.0,0.0,0.0,100.0,0.8066,4.473,4
2026-10-04 07:00:00,55.53,62.0,0.0,0.0,0.0,100.0,0.633,3.803,4
2026-10-04 08:00:00,55.62,61.0,0.0,0.0,0.0,11.0,0.9224,3.13,4
2026-10-04 09:00:00,61.12,61.0,0.0,0.0,0.0,76.0,0.8066,2.684,4
2026-10-03 05:00:00,54.7,92.0,0.0,0.0,0.0,3.0,6.145,9.4,5
2026-10-03 06:00:00,54.06,93.0,0.0,0.0,0.0,57.0,4.758,7.83,5
2026-10-03 07:00:00,53.34,91.0,0.0,0.0,0.0,84.0,5.223,8.055,5
2026-10-03 08:00:00,54.22,95.0,0.0,0.0,0.0,57.0,5.906,9.17,5
2026-10-03 09:00:00,57.38,90.0,0.0,0.0,0.0,12.0,7.227,11.86,5
2026-10-03 10:00:00,63.16,77.0,0.0,0.0,0.0,4.0,6.73,17.0,5
2026-10-03 11:00:00,70.25,58.0,0.0,0.0,0.0,0.0,6.004,14.54,5
2026-10-03 12:00:00,78.7,40.0,0.0,0.0,0.0,0.0,6.67,12.08,5
2026-10-03 13:00:00,82.3,34.0,0.0,0.0,0.0,0.0,8.234,12.08,5
2026-10-03 14:00:00,83.94,31.0,0.0,0.0,0.0,0.0,8.4,12.305,5
2026-10-03 15:00:00,85.0,28.0,0.0,0.0,0.0,0.0,8.77,12.52,5
2026-10-03 16:00:00,84.6,28.0,0.0,0.0,0.0,0.0,9.49,14.09,5
2026-10-03 17:00:00,83.4,28.0,0.0,0.0,0.0,0.0,9.58,16.11,5
2026-10-03 18:00:00,78.9,35.0,0.0,0.0,0.0,0.0,7.855,15.21,5
2026-10-03 19:00:00,72.5,53.0,0.0,0.0,0.0,0.0,10.36,16.11,5
2026-10-03 20:00:00,69.4,58.0,0.0,0.0,0.0,0.0,10.33,15.44,5
2026-10-03 21:00:00,67.44,59.0,0.0,0.0,0.0,0.0,9.2,13.87,5
2026-10-03 22:00:00,65.7,61.0,0.0,0.0,0.0,0.0,7.52,12.08,5
2026-10-03 23:00:00,64.3,64.0,0.0,0.0,0.0,0.0,7.906,12.52,5
2026-10-04 00:00:00,62.6,65.0,0.0,0.0,0.0,0.0,5.832,9.84,5
2026-10-04 01:00:00,61.44,65.0,0.0,0.0,0.0,0.0,5.773,9.4,5
2026-10-04 02:00:00,61.34,65.0,0.0,0.0,0.0,0.0,6.49,9.4,5
2026-10-04 03:00:00,60.72,64.0,0.0,0.0,0.0,99.0,5.832,8.055,5
2026-10-04 04:00:00,60.0,65.0,0.0,0.0,0.0,100.0,6.023,7.383,5
2026-10-04 05:00:00,58.9,66.0,0.0,0.0,0.0,42.0,5.906,6.49,5
2026-10-04 06:00:00,57.75,70.0,0.0,0.0,0.0,100.0,5.906,7.383,5
2026-10-04 07:00:00,57.47,67.0,0.0,0.0,0.0,100.0,5.24,6.49,5
2026-10-04 08:00:00,58.1,65.0,0.0,0.0,0.0,4.0,5.45,6.71,5
2026-10-04 09:00:00,63.6,63.0,0.0,0.0,0.0,58.0,4.297,6.26,5
2026-10-03 05:00:00,52.78,89.0,0.0,0.0,0.0,6.0,2.248,3.355,6
2026-10-03 06:00:00,51.62,88.0,0.0,0.0,0.0,5.0,2.46,2.46,6
2026-10-03 07:00:00,50.72,87.0,0.0,0.0,0.0,7.0,2.55,2.46,6
2026-10-03 08:00:00,52.06,92.0,0.0,0.0,0.0,100.0,2.768,3.58,6
2026-10-03 09:00:00,58.28,80.0,0.0,0.0,0.0,55.0,2.303,7.16,6
2026-10-03 10:00:00,63.22,68.0,0.0,0.0,0.0,10.0,3.043,7.83,6
2026-10-03 11:00:00,69.2,61.0,0.0,0.0,0.0,4.0,3.203,10.734,6
2026-10-03 12:00:00,75.2,48.0,0.0,0.0,0.0,0.0,3.326,12.305,6
2026-10-03 13:00:00,79.44,39.0,0.0,0.0,0.0,0.0,3.906,8.73,6
2026-10-03 14:00:00,82.1,35.0,0.0,0.0,0.0,0.0,4.105,7.16,6
2026-10-03 15:00:00,84.1,31.0,0.0,0.0,0.0,0.0,4.5,5.816,6
2026-10-03 16:00:00,84.6,30.0,0.0,0.0,0.0,0.0,4.72,5.816,6
2026-10-03 17:00:00,84.1,30.0,0.0,0.0,0.0,0.0,5.73,6.934,6
2026-10-03 18:00:00,80.7,35.0,0.0,0.0,0.0,0.0,6.22,9.84,6
2026-10-03 19:00:00,73.5,48.0,0.0,0.0,0.0,0.0,5.305,11.41,6
2026-10-03 20:00:00,69.6,51.0,0.0,0.0,0.0,0.0,4.344,8.055,6
2026-10-03 21:00:00,66.56,53.0,0.0,0.0,0.0,0.0,0.5,6.934,6
2026-10-03 22:00:00,63.78,59.0,0.0,0.0,0.0,0.0,0.2238,8.945,6
2026-10-03 23:00:00,61.78,63.0,0.0,0.0,0.0,0.0,0.4475,8.055,6
2026-10-04 00:00:00,60.25,67.0,0.0,0.0,0.0,0.0,2.336,7.16,6
2026-10-04 01:00:00,58.72,70.0,0.0,0.0,0.0,0.0,2.0,6.934,6
2026-10-04 02:00:00,58.38,70.0,0.0,0.0,0.0,0.0,2.803,3.58,6
2026-10-04 03:00:00,57.66,70.0,0.0,0.0,0.0,100.0,3.809,3.803,6
2026-10-04 04:00:00,56.84,71.0,0.0,0.0,0.0,100.0,3.043,3.13,6
2026-10-04 05:00:00,55.7,74.0,0.0,0.0,0.0,89.0,2.848,2.684,6
2026-10-04 06:00:00,54.78,74.0,0.0,0.0,0.0,100.0,1.205,1.342,6
2026-10-04 07:00:00,53.7,75.0,0.0,0.0,0.0,100.0,2.111,2.236,6
2026-10-04 08:00:00,54.16,76.0,0.0,0.0,0.0,100.0,1.433,1.342,6
2026-10-04 09:00:00,60.34,68.0,0.0,0.0,0.0,30.0,0.7075,1.342,6
2026-10-03 05:00:00,53.38,91.0,0.0,0.0,0.0,3.0,3.58,6.49,7
2026-10-03 06:00:00,53.03,93.0,0.0,0.0,0.0,83.0,2.984,5.816,7
2026-10-03 07:00:00,53.12,94.0,0.0,0.0,0.0,81.0,2.693,5.816,7
2026-10-03 08:00:00,54.9,92.0,0.0,0.0,0.0,100.0,5.594,8.27,7
2026-10-03 09:00:00,57.0,89.0,0.0,0.0,0.0,57.0,6.746,12.08,7
2026-10-03 10:00:00,60.5,89.0,0.0,0.0,0.0,11.0,6.3,11.41,7
2026-10-03 11:00:00,65.6,80.0,0.0,0.0,0.0,2.0,5.367,11.63,7
2026-10-03 12:00:00,70.06,70.0,0.0,0.0,0.0,0.0,6.715,16.78,7
2026-10-03 13:00:00,73.75,62.0,0.0,0.0,0.0,0.0,7.414,14.32,7
2026-10-03 14:00:00,77.44,51.0,0.0,0.0,0.0,0.0,7.28,12.75,7
2026-10-03 15:00:00,80.4,44.0,0.0,0.0,0.0,0.0,6.625,11.41,7
2026-10-03 16:00:00,81.94,40.0,0.0,0.0,0.0,0.0,6.08,10.07,7
2026-10-03 17:00:00,80.7,42.0,0.0,0.0,0.0,0.0,6.95,10.96,7
2026-10-03 18:00:00,75.0,53.0,0.0,0.0,0.0,0.0,7.383,16.55,7
2026-10-03 19:00:00,69.75,60.0,0.0,0.0,0.0,0.0,7.637,14.54,7
2026-10-03 20:00:00,67.06,62.0,0.0,0.0,0.0,0.0,7.984,14.54,7
2026-10-03 21:00:00,65.25,64.0,0.0,0.0,0.0,0.0,7.504,12.98,7
2026-10-03 22:00:00,63.84,68.0,0.0,0.0,0.0,0.0,7.285,12.75,7
2026-10-03 23:00:00,62.22,72.0,0.0,0.0,0.0,0.0,6.3,11.41,7
2026-10-04 00:00:00,60.94,73.0,0.0,0.0,0.0,0.0,5.81,10.96,7
2026-10-04 01:00:00,59.4,75.0,0.0,0.0,0.0,0.0,5.1,9.62,7
2026-10-04 02:00:00,59.16,76.0,0.0,0.0,0.0,0.0,5.832,9.4,7
2026-10-04 03:00:00,58.7,75.0,0.0,0.0,0.0,100.0,5.73,8.27,7
2026-10-04 04:00:00,58.06,74.0,0.0,0.0,0.0,100.0,5.715,7.605,7
2026-10-04 05:00:00,57.53,72.0,0.0,0.0,0.0,62.0,4.74,6.04,7
2026-10-04 06:00:00,56.53,73.0,0.0,0.0,0.0,100.0,4.03,4.92,7
2026-10-04 07:00:00,56.38,72.0,0.0,0.0,0.0,100.0,3.422,4.473,7
2026-10-04 08:00:00,56.62,74.0,0.0,0.0,0.0,79.0,4.03,5.145,7
2026-10-04 09:00:00,61.22,78.0,0.0,0.0,0.0,22.0,2.83,5.594,7
2026-10-03 05:00:00,53.4,89.0,0.0,0.0,0.0,4.0,3.043,3.58,8
2026-10-03 06:00:00,52.84,91.0,0.0,0.0,0.0,38.0,3.355,3.58,8
2026-10-03 07:00:00,52.12,92.0,0.0,0.0,0.0,87.0,2.248,4.027,8
2026-10-03 08:00:00,53.84,95.0,0.0,0.0,0.0,63.0,2.303,4.7,8
2026-10-03 09:00:00,56.9,90.0,0.0,0.0,0.0,90.0,5.24,10.29,8
2026-10-03 10:00:00,60.25,89.0,0.0,0.0,0.0,32.0,3.965,5.594,8
2026-10-03 11:00:00,65.6,80.0,0.0,0.0,0.0,2.0,4.83,5.594,8
2026-10-03 12:00:00,70.06,70.0,0.0,0.0,0.0,0.0,5.92,11.63,8
2026-10-03 13:00:00,74.1,60.0,0.0,0.0,0.0,0.0,6.363,13.87,8
2026-10-03 14:00:00,77.9,51.0,0.0,0.0,0.0,0.0,6.73,12.305,8
2026-10-03 15:00:00,80.1,46.0,0.0,0.0,0.0,0.0,7.16,11.41,8
2026-10-03 16:00:00,80.94,44.0,0.0,0.0,0.0,0.0,7.66,10.96,8
2026-10-03 17:00:00,79.5,48.0,0.0,0.0,0.0,0.0,7.832,12.98,8
2026-10-03 18:00:00,74.94,57.0,0.0,0.0,0.0,0.0,6.492,18.12,8
2026-10-03 19:00:00,69.25,65.0,0.0,0.0,0.0,0.0,5.605,15.66,8
2026-10-03 20:00:00,66.4,67.0,0.0,0.0,0.0,0.0,5.41,13.87,8
2026-10-03 21:00:00,64.44,68.0,0.0,0.0,0.0,0.0,4.84,12.305,8
2026-10-03 22:00:00,62.75,71.0,0.0,0.0,0.0,0.0,5.645,11.63,8
2026-10-03 23:00:00,61.22,73.0,0.0,0.0,0.0,0.0,5.07,10.07,8
2026-10-04 00:00:00,59.97,73.0,0.0,0.0,0.0,0.0,5.414,8.945,8
2026-10-04 01:00:00,59.25,72.0,0.0,0.0,0.0,0.0,5.45,6.934,8
2026-10-04 02:00:00,58.53,72.0,0.0,0.0,0.0,3.0,4.83,5.594,8
2026-10-04 03:00:00,57.62,73.0,0.0,0.0,0.0,4.0,4.03,4.92,8
2026-10-04 04:00:00,56.8,73.0,0.0,0.0,0.0,98.0,3.164,3.803,8
2026-10-04 05:00:00,56.1,74.0,0.0,0.0,0.0,100.0,2.908,3.355,8
2026-10-04 06:00:00,55.38,75.0,0.0,0.0,0.0,42.0,2.693,3.355,8
2026-10-04 07:00:00,54.47,76.0,0.0,0.0,0.0,92.0,1.118,1.79,8
2026-10-04 08:00:00,55.03,78.0,0.0,0.0,0.0,100.0,1.266,2.014,8
2026-10-04 09:00:00,59.78,80.0,0.0,0.0,0.0,2.0,0.7075,1.79,8
2026-10-03 05:00:00,53.53,90.0,0.0,0.0,0.0,0.0,4.91,10.07,9
2026-10-03 06:00:00,53.25,92.0,0.0,0.0,0.0,15.0,5.105,10.29,9
2026-10-03 07:00:00,53.72,92.0,0.0,0.0,0.0,83.0,5.906,10.96,9
2026-10-03 08:00:00,54.34,96.0,0.0,0.0,0.0,42.0,5.504,12.305,9
2026-10-03 09:00:00,56.84,93.0,0.0,0.0,0.0,23.0,6.58,12.98,9
2026-10-03 10:00:00,60.62,83.0,0.0,0.0,0.0,6.0,6.945,13.65,9
2026-10-03 11:00:00,66.3,68.0,0.0,0.0,0.0,1.0,5.24,11.86,9
2026-10-03 12:00:00,71.5,58.0,0.0,0.0,0.0,0.0,2.984,10.516,9
2026-10-03 13:00:00,75.9,52.0,0.0,0.0,0.0,0.0,3.14,9.17,9
2026-10-03 14:00:00,78.8,47.0,0.0,0.0,0.0,0.0,4.305,9.17,9
2026-10-03 15:00:00,80.8,41.0,0.0,0.0,0.0,0.0,5.97,10.07,9
2026-10-03 16:00:00,81.44,38.0,0.0,0.0,0.0,0.0,6.457,10.96,9
2026-10-03 17:00:00,80.6,38.0,0.0,0.0,0.0,0.0,6.73,13.42,9
2026-10-03 18:00:00,75.4,48.0,0.0,0.0,0.0,0.0,7.11,15.66,9
2026-10-03 19:00:00,70.0,57.0,0.0,0.0,0.0,0.0,7.992,15.66,9
2026-10-03 20:00:00,67.4,58.0,0.0,0.0,0.0,0.0,6.58,15.21,9
2026-10-03 21:00:00,64.75,61.0,0.0,0.0,0.0,0.0,4.53,11.63,9
2026-10-03 22:00:00,62.97,63.0,0.0,0.0,0.0,0.0,5.414,10.96,9
2026-10-03 23:00:00,61.8,63.0,0.0,0.0,0.0,0.0,5.605,10.516,9
2026-10-04 00:00:00,61.28,60.0,0.0,0.0,0.0,0.0,5.664,10.516,9
2026-10-04 01:00:00,60.47,58.0,0.0,0.0,0.0,0.0,5.004,8.73,9
2026-10-04 02:00:00,58.38,66.0,0.0,0.0,0.0,0.0,4.16,6.26,9
2026-10-04 03:00:00,57.66,66.0,0.0,0.0,0.0,69.0,4.16,6.26,9
2026-10-04 04:00:00,57.12,66.0,0.0,0.0,0.0,100.0,4.473,6.49,9
2026-10-04 05:00:00,56.4,66.0,0.0,0.0,0.0,5.0,4.605,6.71,9
2026-10-04 06:00:00,56.06,67.0,0.0,0.0,0.0,100.0,6.004,8.945,9
2026-10-04 07:00:00,55.6,67.0,0.0,0.0,0.0,88.0,6.105,9.17,9
2026-10-04 08:00:00,56.22,70.0,0.0,0.0,0.0,4.0,6.11,9.4,9
2026-10-04 09:00:00,62.16,64.0,0.0,0.0,0.0,89.0,3.803,8.055,9
2026-10-03 05:00:00,51.16,87.0,0.0,0.0,0.0,55.0,1.0,2.014,10
2026-10-03 06:00:00,49.9,85.0,0.0,0.0,0.0,100.0,1.0,3.13,10
2026-10-03 07:00:00,49.0,84.0,0.0,0.0,0.0,100.0,0.4475,1.342,10
2026-10-03 08:00:00,50.44,91.0,0.0,0.0,0.0,50.0,1.845,3.58,10
2026-10-03 09:00:00,59.34,79.0,0.0,0.0,0.0,0.0,8.08,17.45,10
2026-10-03 10:00:00,69.5,51.0,0.0,0.0,0.0,0.0,13.05,26.62,10
2026-10-03 11:00:00,75.3,40.0,0.0,0.0,0.0,0.0,15.56,25.28,10
2026-10-03 12:00:00,78.6,35.0,0.0,0.0,0.0,0.0,15.484,24.16,10
2026-10-03 13:00:00,80.5,33.0,0.0,0.0,0.0,0.0,16.5,25.28,10
2026-10-03 14:00:00,81.75,30.0,0.0,0.0,0.0,0.0,16.28,25.72,10
2026-10-03 15:00:00,82.75,28.0,0.0,0.0,0.0,0.0,15.7,25.28,10
2026-10-03 16:00:00,82.75,27.0,0.0,0.0,0.0,0.0,15.01,24.61,10
2026-10-03 17:00:00,81.56,27.0,0.0,0.0,0.0,0.0,14.05,25.28,10
2026-10-03 18:00:00,78.25,28.0,0.0,0.0,0.0,0.0,12.69,26.62,10
2026-10-03 19:00:00,73.1,35.0,0.0,0.0,0.0,0.0,6.76,11.63,10
2026-10-03 20:00:00,68.56,48.0,0.0,0.0,0.0,0.0,3.502,6.71,10
2026-10-03 21:00:00,67.44,38.0,0.0,0.0,0.0,0.0,5.203,10.516,10
2026-10-03 22:00:00,67.4,32.0,0.0,0.0,0.0,0.0,7.867,13.87,10
2026-10-03 23:00:00,68.0,31.0,0.0,0.0,0.0,0.0,8.64,18.12,10
2026-10-04 00:00:00,69.9,30.0,0.0,0.0,0.0,0.0,11.22,20.58,10
2026-10-04 01:00:00,70.25,30.0,0.0,0.0,0.0,0.0,12.336,21.03,10
2026-10-04 02:00:00,64.75,36.0,0.0,0.0,0.0,0.0,7.57,16.33,10
2026-10-04 03:00:00,63.12,39.0,0.0,0.0,0.0,94.0,5.906,14.54,10
2026-10-04 04:00:00,60.16,49.0,0.0,0.0,0.0,100.0,1.747,10.516,10
2026-10-04 05:00:00,57.56,58.0,0.0,0.0,0.0,95.0,1.0,7.383,10
2026-10-04 06:00:00,56.22,62.0,0.0,0.0,0.0,24.0,0.9224,6.934,10
2026-10-04 07:00:00,56.38,59.0,0.0,0.0,0.0,100.0,1.0,8.73,10
2026-10-04 08:00:00,57.28,57.0,0.0,0.0,0.0,32.0,2.336,10.29,10
2026-10-04 09:00:00,64.56,51.0,0.0,0.0,0.0,7.0,3.982,11.41,10
2026-10-03 05:00:00,54.62,92.0,0.0,0.0,0.0,2.0,5.832,8.945,11
2026-10-03 06:00:00,54.28,93.0,0.0,0.0,0.0,4.0,5.41,8.055,11
2026-10-03 07:00:00,53.28,92.0,0.0,0.0,0.0,51.0,4.613,6.26,11
2026-10-03 08:00:00,54.9,92.0,0.0,0.0,0.0,72.0,6.188,8.73,11
2026-10-03 09:00:00,58.22,87.0,0.0,0.0,0.0,37.0,5.375,10.96,11
2026-10-03 10:00:00,62.38,81.0,0.0,0.0,0.0,10.0,6.24,10.734,11
2026-10-03 11:00:00,67.44,69.0,0.0,0.0,0.0,3.0,5.816,12.08,11
2026-10-03 12:00:00,72.06,57.0,0.0,0.0,0.0,1.0,3.408,8.27,11
2026-10-03 13:00:00,76.5,50.0,0.0,0.0,0.0,0.0,1.911,6.934,11
2026-10-03 14:00:00,80.4,43.0,0.0,0.0,0.0,0.0,2.61,6.26,11
2026-10-03 15:00:00,82.5,38.0,0.0,0.0,0.0,0.0,4.297,6.49,11
2026-10-03 16:00:00,83.3,35.0,0.0,0.0,0.0,0.0,5.28,7.605,11
2026-10-03 17:00:00,82.44,35.0,0.0,0.0,0.0,0.0,5.715,10.734,11
2026-10-03 18:00:00,77.94,42.0,0.0,0.0,0.0,0.0,5.87,13.65,11
2026-10-03 19:00:00,71.94,52.0,0.0,0.0,0.0,0.0,6.89,12.75,11
2026-10-03 20:00:00,68.9,56.0,0.0,0.0,0.0,0.0,7.28,13.87,11
2026-10-03 21:00:00,67.1,56.0,0.0,0.0,0.0,0.0,6.934,13.65,11
2026-10-03 22:00:00,65.25,59.0,0.0,0.0,0.0,0.0,6.582,11.41,11
2026-10-03 23:00:00,63.1,63.0,0.0,0.0,0.0,0.0,4.473,9.17,11
2026-10-04 00:00:00,61.38,65.0,0.0,0.0,0.0,0.0,4.027,8.73,11
2026-10-04 01:00:00,60.12,66.0,0.0,0.0,0.0,0.0,3.586,7.16,11
2026-10-04 02:00:00,59.3,68.0,0.0,0.0,0.0,0.0,2.55,4.92,11
2026-10-04 03:00:00,58.22,69.0,0.0,0.0,0.0,48.0,1.415,3.355,11
2026-10-04 04:00:00,57.5,69.0,0.0,0.0,0.0,100.0,2.123,4.25,11
2026-10-04 05:00:00,57.06,68.0,0.0,0.0,0.0,13.0,2.768,4.92,11
2026-10-04 06:00:00,56.88,67.0,0.0,0.0,0.0,100.0,4.125,5.594,11
2026-10-04 07:00:00,56.44,66.0,0.0,0.0,0.0,60.0,4.18,5.367,11
2026-10-04 08:00:00,56.53,67.0,0.0,0.0,0.0,2.0,4.74,5.594,11
2026-10-04 09:00:00,60.84,71.0,0.0,0.0,0.0,92.0,2.768,5.367,11
